{"timestamp":1776502439,"props":[{"model":"mp006_p_mp006_cratecanvase01x","boxId":"lootbox_602118","createdAt":1776502439,"netId":2,"coords":{"x":-57.16999816894531,"y":908.510009765625,"z":208.6999969482422}}],"resource":"rex-lootbox"}